preachingId,title,preacher,date,content,videoUrl
p6,Luz en la oscuridad,María López,2024-04-16,Mensaje sobre luz en la oscuridad.,https://www.youtube.com/watch?v=vid0006
p7,El Amor de Dios,Carlos Díaz,2024-04-17,Mensaje sobre el amor de dios.,https://www.youtube.com/watch?v=vid0007
p8,Esperanza en tiempos difíciles,Luis Fernández,2024-04-18,Mensaje sobre esperanza en tiempos difíciles.,https://www.youtube.com/watch?v=vid0008
p9,Luz en la oscuridad,María López,2024-04-19,Mensaje sobre luz en la oscuridad.,https://www.youtube.com/watch?v=vid0009
p10,Luz en la oscuridad,Sofía Márquez,2024-04-20,Mensaje sobre luz en la oscuridad.,https://www.youtube.com/watch?v=vid0010
p11,Esperanza en tiempos difíciles,Isabel Torres,2024-04-21,Mensaje sobre esperanza en tiempos difíciles.,https://www.youtube.com/watch?v=vid0011
p12,Esperanza en tiempos difíciles,Sofía Márquez,2024-04-22,Mensaje sobre esperanza en tiempos difíciles.,https://www.youtube.com/watch?v=vid0012
p13,El poder del perdón,Daniel Romero,2024-04-23,Mensaje sobre el poder del perdón.,https://www.youtube.com/watch?v=vid0013
p14,El poder del perdón,Isabel Torres,2024-04-24,Mensaje sobre el poder del perdón.,https://www.youtube.com/watch?v=vid0014
p15,Caminando con Dios,Carlos Díaz,2024-04-25,Mensaje sobre caminando con dios.,https://www.youtube.com/watch?v=vid0015
p16,Vivir con propósito,Luis Fernández,2024-04-26,Mensaje sobre vivir con propósito.,https://www.youtube.com/watch?v=vid0016
p17,Fuerza espiritual,María López,2024-04-27,Mensaje sobre fuerza espiritual.,https://www.youtube.com/watch?v=vid0017
p18,Fuerza espiritual,Isabel Torres,2024-04-28,Mensaje sobre fuerza espiritual.,https://www.youtube.com/watch?v=vid0018
p19,Luz en la oscuridad,Luis Fernández,2024-04-29,Mensaje sobre luz en la oscuridad.,https://www.youtube.com/watch?v=vid0019
p20,El poder del perdón,Juan Pérez,2024-04-30,Mensaje sobre el poder del perdón.,https://www.youtube.com/watch?v=vid0020
p21,Fuerza espiritual,Luis Fernández,2024-05-01,Mensaje sobre fuerza espiritual.,https://www.youtube.com/watch?v=vid0021
p22,El poder del perdón,Juan Pérez,2024-05-02,Mensaje sobre el poder del perdón.,https://www.youtube.com/watch?v=vid0022
p23,El Amor de Dios,María López,2024-05-03,Mensaje sobre el amor de dios.,https://www.youtube.com/watch?v=vid0023
p24,La Fe Verdadera,Sofía Márquez,2024-05-04,Mensaje sobre la fe verdadera.,https://www.youtube.com/watch?v=vid0024
p25,El Amor de Dios,Daniel Romero,2024-05-05,Mensaje sobre el amor de dios.,https://www.youtube.com/watch?v=vid0025
p26,Caminando con Dios,María López,2024-05-06,Mensaje sobre caminando con dios.,https://www.youtube.com/watch?v=vid0026
p27,El poder del perdón,Carlos Díaz,2024-05-07,Mensaje sobre el poder del perdón.,https://www.youtube.com/watch?v=vid0027
p28,Vivir con propósito,Sofía Márquez,2024-05-08,Mensaje sobre vivir con propósito.,https://www.youtube.com/watch?v=vid0028
p29,Esperanza en tiempos difíciles,María López,2024-05-09,Mensaje sobre esperanza en tiempos difíciles.,https://www.youtube.com/watch?v=vid0029
p30,El Amor de Dios,Luis Fernández,2024-05-10,Mensaje sobre el amor de dios.,https://www.youtube.com/watch?v=vid0030
p31,Esperanza en tiempos difíciles,Luis Fernández,2024-05-11,Mensaje sobre esperanza en tiempos difíciles.,https://www.youtube.com/watch?v=vid0031
p32,Vivir con propósito,Carlos Díaz,2024-05-12,Mensaje sobre vivir con propósito.,https://www.youtube.com/watch?v=vid0032
p33,Vivir con propósito,Juan Pérez,2024-05-13,Mensaje sobre vivir con propósito.,https://www.youtube.com/watch?v=vid0033
p34,Renovación del alma,Luis Fernández,2024-05-14,Mensaje sobre renovación del alma.,https://www.youtube.com/watch?v=vid0034
p35,Caminando con Dios,María López,2024-05-15,Mensaje sobre caminando con dios.,https://www.youtube.com/watch?v=vid0035
p36,La Fe Verdadera,Carlos Díaz,2024-05-16,Mensaje sobre la fe verdadera.,https://www.youtube.com/watch?v=vid0036
p37,El poder del perdón,Daniel Romero,2024-05-17,Mensaje sobre el poder del perdón.,https://www.youtube.com/watch?v=vid0037
p38,Fuerza espiritual,Ana Gómez,2024-05-18,Mensaje sobre fuerza espiritual.,https://www.youtube.com/watch?v=vid0038
p39,El poder del perdón,Juan Pérez,2024-05-19,Mensaje sobre el poder del perdón.,https://www.youtube.com/watch?v=vid0039
p40,Vivir con propósito,Sofía Márquez,2024-05-20,Mensaje sobre vivir con propósito.,https://www.youtube.com/watch?v=vid0040
p41,Vivir con propósito,Sofía Márquez,2024-05-21,Mensaje sobre vivir con propósito.,https://www.youtube.com/watch?v=vid0041
p42,La Fe Verdadera,Carlos Díaz,2024-05-22,Mensaje sobre la fe verdadera.,https://www.youtube.com/watch?v=vid0042
p43,Esperanza en tiempos difíciles,Juan Pérez,2024-05-23,Mensaje sobre esperanza en tiempos difíciles.,https://www.youtube.com/watch?v=vid0043
p44,El poder del perdón,Juan Pérez,2024-05-24,Mensaje sobre el poder del perdón.,https://www.youtube.com/watch?v=vid0044
p45,Caminando con Dios,Sofía Márquez,2024-05-25,Mensaje sobre caminando con dios.,https://www.youtube.com/watch?v=vid0045
p46,Renovación del alma,Luis Fernández,2024-05-26,Mensaje sobre renovación del alma.,https://www.youtube.com/watch?v=vid0046
p47,Fuerza espiritual,Ana Gómez,2024-05-27,Mensaje sobre fuerza espiritual.,https://www.youtube.com/watch?v=vid0047
p48,La Fe Verdadera,Daniel Romero,2024-05-28,Mensaje sobre la fe verdadera.,https://www.youtube.com/watch?v=vid0048
p49,Caminando con Dios,Carlos Díaz,2024-05-29,Mensaje sobre caminando con dios.,https://www.youtube.com/watch?v=vid0049
p50,El Amor de Dios,Luis Fernández,2024-05-30,Mensaje sobre el amor de dios.,https://www.youtube.com/watch?v=vid0050
p51,Renovación del alma,Daniel Romero,2024-05-31,Mensaje sobre renovación del alma.,https://www.youtube.com/watch?v=vid0051
p52,El Amor de Dios,Daniel Romero,2024-06-01,Mensaje sobre el amor de dios.,https://www.youtube.com/watch?v=vid0052
p53,Fuerza espiritual,Juan Pérez,2024-06-02,Mensaje sobre fuerza espiritual.,https://www.youtube.com/watch?v=vid0053
p54,Caminando con Dios,Carlos Díaz,2024-06-03,Mensaje sobre caminando con dios.,https://www.youtube.com/watch?v=vid0054
p55,Esperanza en tiempos difíciles,Isabel Torres,2024-06-04,Mensaje sobre esperanza en tiempos difíciles.,https://www.youtube.com/watch?v=vid0055
p56,Luz en la oscuridad,Ana Gómez,2024-06-05,Mensaje sobre luz en la oscuridad.,https://www.youtube.com/watch?v=vid0056
p57,La Fe Verdadera,Carlos Díaz,2024-06-06,Mensaje sobre la fe verdadera.,https://www.youtube.com/watch?v=vid0057
p58,El Amor de Dios,María López,2024-06-07,Mensaje sobre el amor de dios.,https://www.youtube.com/watch?v=vid0058
p59,Renovación del alma,Luis Fernández,2024-06-08,Mensaje sobre renovación del alma.,https://www.youtube.com/watch?v=vid0059
p60,Renovación del alma,Carlos Díaz,2024-06-09,Mensaje sobre renovación del alma.,https://www.youtube.com/watch?v=vid0060
p61,El Amor de Dios,Juan Pérez,2024-06-10,Mensaje sobre el amor de dios.,https://www.youtube.com/watch?v=vid0061
p62,Luz en la oscuridad,María López,2024-06-11,Mensaje sobre luz en la oscuridad.,https://www.youtube.com/watch?v=vid0062
p63,Vivir con propósito,Juan Pérez,2024-06-12,Mensaje sobre vivir con propósito.,https://www.youtube.com/watch?v=vid0063
p64,Renovación del alma,Carlos Díaz,2024-06-13,Mensaje sobre renovación del alma.,https://www.youtube.com/watch?v=vid0064
p65,Luz en la oscuridad,Luis Fernández,2024-06-14,Mensaje sobre luz en la oscuridad.,https://www.youtube.com/watch?v=vid0065
p66,Vivir con propósito,Carlos Díaz,2024-06-15,Mensaje sobre vivir con propósito.,https://www.youtube.com/watch?v=vid0066
p67,Esperanza en tiempos difíciles,Juan Pérez,2024-06-16,Mensaje sobre esperanza en tiempos difíciles.,https://www.youtube.com/watch?v=vid0067
p68,Vivir con propósito,Carlos Díaz,2024-06-17,Mensaje sobre vivir con propósito.,https://www.youtube.com/watch?v=vid0068
p69,Luz en la oscuridad,Sofía Márquez,2024-06-18,Mensaje sobre luz en la oscuridad.,https://www.youtube.com/watch?v=vid0069
p70,Esperanza en tiempos difíciles,Juan Pérez,2024-06-19,Mensaje sobre esperanza en tiempos difíciles.,https://www.youtube.com/watch?v=vid0070
p71,El Amor de Dios,Isabel Torres,2024-06-20,Mensaje sobre el amor de dios.,https://www.youtube.com/watch?v=vid0071
p72,Luz en la oscuridad,Daniel Romero,2024-06-21,Mensaje sobre luz en la oscuridad.,https://www.youtube.com/watch?v=vid0072
p73,Renovación del alma,Sofía Márquez,2024-06-22,Mensaje sobre renovación del alma.,https://www.youtube.com/watch?v=vid0073
p74,El Amor de Dios,Luis Fernández,2024-06-23,Mensaje sobre el amor de dios.,https://www.youtube.com/watch?v=vid0074
p75,Esperanza en tiempos difíciles,Carlos Díaz,2024-06-24,Mensaje sobre esperanza en tiempos difíciles.,https://www.youtube.com/watch?v=vid0075
p76,Luz en la oscuridad,Sofía Márquez,2024-06-25,Mensaje sobre luz en la oscuridad.,https://www.youtube.com/watch?v=vid0076
p77,El Amor de Dios,Sofía Márquez,2024-06-26,Mensaje sobre el amor de dios.,https://www.youtube.com/watch?v=vid0077
p78,Luz en la oscuridad,María López,2024-06-27,Mensaje sobre luz en la oscuridad.,https://www.youtube.com/watch?v=vid0078
p79,El poder del perdón,Sofía Márquez,2024-06-28,Mensaje sobre el poder del perdón.,https://www.youtube.com/watch?v=vid0079
p80,Fuerza espiritual,Sofía Márquez,2024-06-29,Mensaje sobre fuerza espiritual.,https://www.youtube.com/watch?v=vid0080
p81,El Amor de Dios,Daniel Romero,2024-06-30,Mensaje sobre el amor de dios.,https://www.youtube.com/watch?v=vid0081
p82,El poder del perdón,María López,2024-07-01,Mensaje sobre el poder del perdón.,https://www.youtube.com/watch?v=vid0082
p83,Esperanza en tiempos difíciles,Carlos Díaz,2024-07-02,Mensaje sobre esperanza en tiempos difíciles.,https://www.youtube.com/watch?v=vid0083
p84,Renovación del alma,Daniel Romero,2024-07-03,Mensaje sobre renovación del alma.,https://www.youtube.com/watch?v=vid0084
p85,El Amor de Dios,Carlos Díaz,2024-07-04,Mensaje sobre el amor de dios.,https://www.youtube.com/watch?v=vid0085
p86,El Amor de Dios,Luis Fernández,2024-07-05,Mensaje sobre el amor de dios.,https://www.youtube.com/watch?v=vid0086
p87,Vivir con propósito,Luis Fernández,2024-07-06,Mensaje sobre vivir con propósito.,https://www.youtube.com/watch?v=vid0087
p88,Fuerza espiritual,María López,2024-07-07,Mensaje sobre fuerza espiritual.,https://www.youtube.com/watch?v=vid0088
p89,Luz en la oscuridad,Luis Fernández,2024-07-08,Mensaje sobre luz en la oscuridad.,https://www.youtube.com/watch?v=vid0089
p90,La Fe Verdadera,Ana Gómez,2024-07-09,Mensaje sobre la fe verdadera.,https://www.youtube.com/watch?v=vid0090
p91,La Fe Verdadera,Juan Pérez,2024-07-10,Mensaje sobre la fe verdadera.,https://www.youtube.com/watch?v=vid0091
p92,El poder del perdón,Carlos Díaz,2024-07-11,Mensaje sobre el poder del perdón.,https://www.youtube.com/watch?v=vid0092
p93,Renovación del alma,Ana Gómez,2024-07-12,Mensaje sobre renovación del alma.,https://www.youtube.com/watch?v=vid0093
p94,Fuerza espiritual,Sofía Márquez,2024-07-13,Mensaje sobre fuerza espiritual.,https://www.youtube.com/watch?v=vid0094
p95,Vivir con propósito,María López,2024-07-14,Mensaje sobre vivir con propósito.,https://www.youtube.com/watch?v=vid0095
p96,La Fe Verdadera,María López,2024-07-15,Mensaje sobre la fe verdadera.,https://www.youtube.com/watch?v=vid0096
p97,Renovación del alma,Juan Pérez,2024-07-16,Mensaje sobre renovación del alma.,https://www.youtube.com/watch?v=vid0097
p98,El poder del perdón,Isabel Torres,2024-07-17,Mensaje sobre el poder del perdón.,https://www.youtube.com/watch?v=vid0098
p99,Luz en la oscuridad,Luis Fernández,2024-07-18,Mensaje sobre luz en la oscuridad.,https://www.youtube.com/watch?v=vid0099
p100,Renovación del alma,Isabel Torres,2024-07-19,Mensaje sobre renovación del alma.,https://www.youtube.com/watch?v=vid0100
p101,Caminando con Dios,Daniel Romero,2024-07-20,Mensaje sobre caminando con dios.,https://www.youtube.com/watch?v=vid0101
p102,La Fe Verdadera,Luis Fernández,2024-07-21,Mensaje sobre la fe verdadera.,https://www.youtube.com/watch?v=vid0102
p103,Esperanza en tiempos difíciles,Ana Gómez,2024-07-22,Mensaje sobre esperanza en tiempos difíciles.,https://www.youtube.com/watch?v=vid0103
p104,Caminando con Dios,Luis Fernández,2024-07-23,Mensaje sobre caminando con dios.,https://www.youtube.com/watch?v=vid0104
p105,Fuerza espiritual,Carlos Díaz,2024-07-24,Mensaje sobre fuerza espiritual.,https://www.youtube.com/watch?v=vid0105
